{"weights": [[[7.673556363253352], [-0.3659386987302471], [0.21087425685091918]]], "bias": [[[-3.577865087377016]]]}